family,total_demand,average_reorder_point,average_safety_stock,high_risk_items,medium_risk_items,low_risk_items
GROCERY I,25424369.354,105.06184795724876,38.536445440441305,286,1657,3858
BEVERAGES,22615763.0,201.92306652806653,73.15579348579348,257,1083,1546
PRODUCE,19623629.432,262.654573405073,64.08740199846272,19,832,450
DAIRY,6407897.0,104.81990367775832,27.402539404553416,6,476,660
CLEANING,6033051.0,69.50427199191103,24.103326592517693,46,400,1532
BREAD/BAKERY,3482734.62,118.92177142857143,31.090666666666667,9,225,291
POULTRY,3111343.791,231.95226720647773,64.26862348178138,3,151,93
MEATS,2511597.372,167.70150349650348,45.764930069930074,8,148,130
