store_nbr,total_demand,average_reorder_point,average_safety_stock,high_risk_items,medium_risk_items,low_risk_items
44,24119468.245,175.6750662944871,55.843244940683874,188,1307,1371
45,21727110.17,170.52466060181945,59.23784464660602,155,1230,1473
47,20135862.309,153.8013424465475,51.3148054679285,165,1165,1523
49,19029232.465,136.32087719298246,40.397673684210524,83,1073,1694
25,4198712.38,51.34937933552392,18.77621029572837,43,197,2499
